file,category_key,title_en
Authentic Southern Thai Accent (Siang Sataw) - MP3 USB Drive (2).avif,siang_sataw,USB Flash Drive MP3 — Authentic Southern Thai Accent (Siang Sataw)
Authentic Southern Thai Accent (Siang Sataw) - MP3 USB Drive (2).webp,siang_sataw,USB Flash Drive MP3 — Authentic Southern Thai Accent (Siang Sataw)
Authentic Southern Thai Accent (Siang Sataw) - MP3 USB Drive (3).avif,siang_sataw,USB Flash Drive MP3 — Authentic Southern Thai Accent (Siang Sataw)
Authentic Southern Thai Accent (Siang Sataw) - MP3 USB Drive (3).webp,siang_sataw,USB Flash Drive MP3 — Authentic Southern Thai Accent (Siang Sataw)
Authentic Southern Thai Accent (Siang Sataw) - MP3 USB Drive (4).avif,siang_sataw,USB Flash Drive MP3 — Authentic Southern Thai Accent (Siang Sataw)
Authentic Southern Thai Accent (Siang Sataw) - MP3 USB Drive (4).webp,siang_sataw,USB Flash Drive MP3 — Authentic Southern Thai Accent (Siang Sataw)
Authentic Southern Thai Accent (Siang Sataw) - MP3 USB Drive.avif,siang_sataw,USB Flash Drive MP3 — Authentic Southern Thai Accent (Siang Sataw)
Authentic Southern Thai Accent (Siang Sataw) - MP3 USB Drive.webp,siang_sataw,USB Flash Drive MP3 — Authentic Southern Thai Accent (Siang Sataw)
Tiny but Mighty OTG Adapters.avif,otg,Tiny but Mighty OTG Adapters
Tiny but Mighty OTG Adapters.webp,otg,Tiny but Mighty OTG Adapters
USB Flash Drive - Mp3 Includes Labanun Songs (2).avif,labanun,USB Flash Drive MP3 — Labanun Songs Collection
USB Flash Drive - Mp3 Includes Labanun Songs (2).webp,labanun,USB Flash Drive MP3 — Labanun Songs Collection
USB Flash Drive - Mp3 Includes Labanun Songs (3).avif,labanun,USB Flash Drive MP3 — Labanun Songs Collection
USB Flash Drive - Mp3 Includes Labanun Songs (3).webp,labanun,USB Flash Drive MP3 — Labanun Songs Collection
USB Flash Drive - Mp3 Includes Labanun Songs (4).avif,labanun,USB Flash Drive MP3 — Labanun Songs Collection
USB Flash Drive - Mp3 Includes Labanun Songs (4).webp,labanun,USB Flash Drive MP3 — Labanun Songs Collection
USB Flash Drive - Mp3 Includes Labanun Songs.avif,labanun,USB Flash Drive MP3 — Labanun Songs Collection
USB Flash Drive - Mp3 Includes Labanun Songs.webp,labanun,USB Flash Drive MP3 — Labanun Songs Collection
"USB Flash Drive - Mp3 Includes Songs from the 90S, (2).avif",90s,USB Flash Drive MP3 — 90s Greatest Hits
"USB Flash Drive - Mp3 Includes Songs from the 90S, (2).webp",90s,USB Flash Drive MP3 — 90s Greatest Hits
"USB Flash Drive - Mp3 Includes Songs from the 90S, (3).avif",90s,USB Flash Drive MP3 — 90s Greatest Hits
"USB Flash Drive - Mp3 Includes Songs from the 90S, (3).webp",90s,USB Flash Drive MP3 — 90s Greatest Hits
"USB Flash Drive - Mp3 Includes Songs from the 90S,.avif",90s,USB Flash Drive MP3 — 90s Greatest Hits
"USB Flash Drive - Mp3 Includes Songs from the 90S,.webp",90s,USB Flash Drive MP3 — 90s Greatest Hits
USB Flash Drive Mp3 Includes 80's Era String Music – Classic Songs of Memories (2).avif,80,"USB Flash Drive MP3 — 80s String Music, Classic Songs of Memories"
USB Flash Drive Mp3 Includes 80's Era String Music – Classic Songs of Memories (2).webp,80,"USB Flash Drive MP3 — 80s String Music, Classic Songs of Memories"
USB Flash Drive Mp3 Includes 80's Era String Music – Classic Songs of Memories.avif,80,"USB Flash Drive MP3 — 80s String Music, Classic Songs of Memories"
USB Flash Drive Mp3 Includes 80's Era String Music – Classic Songs of Memories.png (2).avif,80,"USB Flash Drive MP3 — 80s String Music, Classic Songs of Memories"
USB Flash Drive Mp3 Includes 80's Era String Music – Classic Songs of Memories.png (2).webp,80,"USB Flash Drive MP3 — 80s String Music, Classic Songs of Memories"
USB Flash Drive Mp3 Includes 80's Era String Music – Classic Songs of Memories.png.avif,80,"USB Flash Drive MP3 — 80s String Music, Classic Songs of Memories"
USB Flash Drive Mp3 Includes 80's Era String Music – Classic Songs of Memories.png.webp,80,"USB Flash Drive MP3 — 80s String Music, Classic Songs of Memories"
USB Flash Drive Mp3 Includes 80's Era String Music – Classic Songs of Memories.webp,80,"USB Flash Drive MP3 — 80s String Music, Classic Songs of Memories"
USB Flash Drive Mp3 Includes 80's Era String Music.avif,80,"USB Flash Drive MP3 — 80s String Music, Classic Songs of Memories"
USB Flash Drive Mp3 Includes 80's Era String Music.webp,80,"USB Flash Drive MP3 — 80s String Music, Classic Songs of Memories"
"USB Flash Drive Mp3 Includes Country Hits, Indie Music (2).avif",country_indie,USB Flash Drive MP3 — Country Hits & Indie Music
"USB Flash Drive Mp3 Includes Country Hits, Indie Music (2).webp",country_indie,USB Flash Drive MP3 — Country Hits & Indie Music
"USB Flash Drive Mp3 Includes Country Hits, Indie Music (4).avif",country_indie,USB Flash Drive MP3 — Country Hits & Indie Music
"USB Flash Drive Mp3 Includes Country Hits, Indie Music (4).webp",country_indie,USB Flash Drive MP3 — Country Hits & Indie Music
"USB Flash Drive Mp3 Includes Country Hits, Indie Music.avif",country_indie,USB Flash Drive MP3 — Country Hits & Indie Music
"USB Flash Drive Mp3 Includes Country Hits, Indie Music.webp",country_indie,USB Flash Drive MP3 — Country Hits & Indie Music
"USB Flash Drive Mp3 Includes Country Hits, Indie Music111.avif",country_indie,USB Flash Drive MP3 — Country Hits & Indie Music
"USB Flash Drive Mp3 Includes Country Hits, Indie Music111.webp",country_indie,USB Flash Drive MP3 — Country Hits & Indie Music
USB Flash Drive Mp3 Songs for Life Carabao (2).avif,carabao,USB Flash Drive MP3 — Songs for Life by Carabao
USB Flash Drive Mp3 Songs for Life Carabao (2).webp,carabao,USB Flash Drive MP3 — Songs for Life by Carabao
USB Flash Drive Mp3 Songs for Life Carabao.avif,carabao,USB Flash Drive MP3 — Songs for Life by Carabao
USB Flash Drive Mp3 Songs for Life Carabao.webp,carabao,USB Flash Drive MP3 — Songs for Life by Carabao
USB Flash Drive Mp3 Su Narathip (2).avif,su_narathip,USB Flash Drive MP3 — Su Narathip Songs
USB Flash Drive Mp3 Su Narathip (2).webp,su_narathip,USB Flash Drive MP3 — Su Narathip Songs
USB Flash Drive Mp3 Su Narathip (3).avif,su_narathip,USB Flash Drive MP3 — Su Narathip Songs
USB Flash Drive Mp3 Su Narathip (3).webp,su_narathip,USB Flash Drive MP3 — Su Narathip Songs
USB Flash Drive Mp3 Su Narathip.avif,su_narathip,USB Flash Drive MP3 — Su Narathip Songs
USB Flash Drive Mp3 Su Narathip.webp,su_narathip,USB Flash Drive MP3 — Su Narathip Songs
USB_MP3.avif,usb_mp3_generic,USB MP3 Flash Drive
USB_MP3.webp,usb_mp3_generic,USB MP3 Flash Drive
USB_MP3_3Cha_PeuaChiwit_Cover (2).avif,3cha,USB Flash Drive MP3 — 3-Cha Peua Chiwit (Songs for Life Cover)
USB_MP3_3Cha_PeuaChiwit_Cover (2).webp,3cha,USB Flash Drive MP3 — 3-Cha Peua Chiwit (Songs for Life Cover)
USB_MP3_3Cha_PeuaChiwit_Cover (3).avif,3cha,USB Flash Drive MP3 — 3-Cha Peua Chiwit (Songs for Life Cover)
USB_MP3_3Cha_PeuaChiwit_Cover (3).webp,3cha,USB Flash Drive MP3 — 3-Cha Peua Chiwit (Songs for Life Cover)
USB_MP3_3Cha_PeuaChiwit_Cover.avif,3cha,USB Flash Drive MP3 — 3-Cha Peua Chiwit (Songs for Life Cover)
USB_MP3_3Cha_PeuaChiwit_Cover.webp,3cha,USB Flash Drive MP3 — 3-Cha Peua Chiwit (Songs for Life Cover)
USB_MP3_Southern_Memories_Original (2).avif,southern_memories,USB Flash Drive MP3 — Southern Memories (Original)
USB_MP3_Southern_Memories_Original (2).webp,southern_memories,USB Flash Drive MP3 — Southern Memories (Original)
USB_MP3_Southern_Memories_Original (3).avif,southern_memories,USB Flash Drive MP3 — Southern Memories (Original)
USB_MP3_Southern_Memories_Original (3).webp,southern_memories,USB Flash Drive MP3 — Southern Memories (Original)
USB_MP3_Southern_Memories_Original (4).avif,southern_memories,USB Flash Drive MP3 — Southern Memories (Original)
USB_MP3_Southern_Memories_Original (4).webp,southern_memories,USB Flash Drive MP3 — Southern Memories (Original)
USB_MP3_Southern_Memories_Original.avif,southern_memories,USB Flash Drive MP3 — Southern Memories (Original)
USB_MP3_Southern_Memories_Original.webp,southern_memories,USB Flash Drive MP3 — Southern Memories (Original)
banner-for-life1.webp,banner_for_life,Banner — Songs for Life
banner_for_Life.avif,banner_for_life,Banner — Songs for Life
banner_for_Life.webp,banner_for_life,Banner — Songs for Life
banner_luk_krung.avif,luk_krung,Luk Krung — Classic Thai Urban Songs
banner_luk_krung.webp,luk_krung,Luk Krung — Classic Thai Urban Songs
banner_theme_1_853x600.avif,banner_theme,Homepage Promotional Banner
banner_theme_1_853x600.webp,banner_theme,Homepage Promotional Banner
category/category-international-hits.webp,international,International Hits
category/category-southern-thai.webp,southern_thai_cat,Southern Thai Music
category/category-thai-country.webp,thai_country,Thai Country Music
category/category-thai-oldies.webp,thai_oldies,Thai Oldies
category/category-thai-pop-rock.webp,thai_pop_rock,Thai Pop Rock
category/songs-for-life.webp,songs_for_life,Songs for Life Collection
category-international-hits.avif,international,International Hits
hero-banner1.avif,hero_banner,Website Hero Banner
hero-banner1.webp,hero_banner,Website Hero Banner
lazada.webp,lazada,Lazada Icon
logo (2).webp,logo,btmusicdrive Logo
logo.webp,logo,btmusicdrive Logo
logo1.avif,logo,btmusicdrive Logo
logo1.webp,logo,btmusicdrive Logo
mobile-hero.avif,mobile_hero,Mobile Hero Banner
mobile-hero.webp,mobile_hero,Mobile Hero Banner
original/authentic-southern-thai-accent-(siang-sataw)---mp3-usb-drive-(2).webp,siang_sataw,USB Flash Drive MP3 — Authentic Southern Thai Accent (Siang Sataw)
original/authentic-southern-thai-accent-(siang-sataw)---mp3-usb-drive-(3).webp,siang_sataw,USB Flash Drive MP3 — Authentic Southern Thai Accent (Siang Sataw)
original/authentic-southern-thai-accent-(siang-sataw)---mp3-usb-drive-(4).webp,siang_sataw,USB Flash Drive MP3 — Authentic Southern Thai Accent (Siang Sataw)
original/authentic-southern-thai-accent-(siang-sataw)---mp3-usb-drive.webp,siang_sataw,USB Flash Drive MP3 — Authentic Southern Thai Accent (Siang Sataw)
original/banner-for-life.webp,banner_for_life,Banner — Songs for Life
original/banner-luk-krung.webp,luk_krung,Luk Krung — Classic Thai Urban Songs
original/banner-theme-1-853x600.webp,banner_theme,Homepage Promotional Banner
original/hero-banner1.webp,hero_banner,Website Hero Banner
original/logo1.png,logo,btmusicdrive Logo
original/logo1.webp,logo,btmusicdrive Logo
original/mobile-hero.webp,mobile_hero,Mobile Hero Banner
original/string-80-4.webp,80,"USB Flash Drive MP3 — 80s String Music, Classic Songs of Memories"
original/support.webp,support,Customer Support Image
original/thai-country.webp,thai_country,Thai Country Music
original/tiny-but-mighty-otg-adapters.webp,otg,Tiny but Mighty OTG Adapters
original/usb-flash-drive---mp3-includes-labanun-songs-(2).webp,labanun,USB Flash Drive MP3 — Labanun Songs Collection
original/usb-flash-drive---mp3-includes-labanun-songs-(3).webp,labanun,USB Flash Drive MP3 — Labanun Songs Collection
original/usb-flash-drive---mp3-includes-labanun-songs-(4).webp,labanun,USB Flash Drive MP3 — Labanun Songs Collection
original/usb-flash-drive---mp3-includes-labanun-songs.webp,labanun,USB Flash Drive MP3 — Labanun Songs Collection
"original/usb-flash-drive---mp3-includes-songs-from-the-90s,-(2).webp",90s,USB Flash Drive MP3 — 90s Greatest Hits
"original/usb-flash-drive---mp3-includes-songs-from-the-90s,-(3).webp",90s,USB Flash Drive MP3 — 90s Greatest Hits
"original/usb-flash-drive---mp3-includes-songs-from-the-90s,.webp",90s,USB Flash Drive MP3 — 90s Greatest Hits
original/usb-flash-drive-mp3-90s-greatest-hits-(2).webp,90s,USB Flash Drive MP3 — 90s Greatest Hits
original/usb-flash-drive-mp3-90s-greatest-hits-(3).webp,90s,USB Flash Drive MP3 — 90s Greatest Hits
original/usb-flash-drive-mp3-90s-greatest-hits-(4).webp,90s,USB Flash Drive MP3 — 90s Greatest Hits
original/usb-flash-drive-mp3-90s-greatest-hits.webp,90s,USB Flash Drive MP3 — 90s Greatest Hits
original/usb-flash-drive-mp3-includes-80's-era-string-music-–-classic-songs-of-memories-(2).webp,80,"USB Flash Drive MP3 — 80s String Music, Classic Songs of Memories"
original/usb-flash-drive-mp3-includes-80's-era-string-music-–-classic-songs-of-memories.png-(2).webp,80,"USB Flash Drive MP3 — 80s String Music, Classic Songs of Memories"
original/usb-flash-drive-mp3-includes-80's-era-string-music-–-classic-songs-of-memories.png.webp,80,"USB Flash Drive MP3 — 80s String Music, Classic Songs of Memories"
original/usb-flash-drive-mp3-includes-80's-era-string-music-–-classic-songs-of-memories.webp,80,"USB Flash Drive MP3 — 80s String Music, Classic Songs of Memories"
original/usb-flash-drive-mp3-includes-80's-era-string-music.webp,80,"USB Flash Drive MP3 — 80s String Music, Classic Songs of Memories"
"original/usb-flash-drive-mp3-includes-country-hits,-indie-music-(2).webp",country_indie,USB Flash Drive MP3 — Country Hits & Indie Music
"original/usb-flash-drive-mp3-includes-country-hits,-indie-music-(4).webp",country_indie,USB Flash Drive MP3 — Country Hits & Indie Music
"original/usb-flash-drive-mp3-includes-country-hits,-indie-music.webp",country_indie,USB Flash Drive MP3 — Country Hits & Indie Music
original/usb-flash-drive-mp3-songs-for-life-carabao-(2).webp,carabao,USB Flash Drive MP3 — Songs for Life by Carabao
original/usb-flash-drive-mp3-songs-for-life-carabao.webp,carabao,USB Flash Drive MP3 — Songs for Life by Carabao
original/usb-flash-drive-mp3-su-narathip-(2).webp,su_narathip,USB Flash Drive MP3 — Su Narathip Songs
original/usb-flash-drive-mp3-su-narathip-(3).webp,su_narathip,USB Flash Drive MP3 — Su Narathip Songs
original/usb-flash-drive-mp3-su-narathip.webp,su_narathip,USB Flash Drive MP3 — Su Narathip Songs
original/usb-mp3-3cha-peuachiwit-cover-(2).webp,3cha,USB Flash Drive MP3 — 3-Cha Peua Chiwit (Songs for Life Cover)
original/usb-mp3-3cha-peuachiwit-cover-(3).webp,3cha,USB Flash Drive MP3 — 3-Cha Peua Chiwit (Songs for Life Cover)
original/usb-mp3-3cha-peuachiwit-cover.webp,3cha,USB Flash Drive MP3 — 3-Cha Peua Chiwit (Songs for Life Cover)
original/usb-mp3-southern-memories-original-(2).webp,southern_memories,USB Flash Drive MP3 — Southern Memories (Original)
original/usb-mp3-southern-memories-original-(3).webp,southern_memories,USB Flash Drive MP3 — Southern Memories (Original)
original/usb-mp3-southern-memories-original-(4).webp,southern_memories,USB Flash Drive MP3 — Southern Memories (Original)
original/usb-mp3-southern-memories-original.webp,southern_memories,USB Flash Drive MP3 — Southern Memories (Original)
original/usb-mp3.webp,usb_mp3_generic,USB MP3 Flash Drive
shopeer.webp,shopee,Shopee Icon
songs-for-life.avif,songs_for_life,Songs for Life Collection
string 80_4.avif,80,"USB Flash Drive MP3 — 80s String Music, Classic Songs of Memories"
string 80_4.webp,80,"USB Flash Drive MP3 — 80s String Music, Classic Songs of Memories"
support.avif,support,Customer Support Image
support.webp,support,Customer Support Image
thai-country.avif,thai_country,Thai Country Music
thai-country.webp,thai_country,Thai Country Music
tiktok.webp,tiktok,TikTok Icon
usb แฟลชไดร์ mp3 สตริง80.webp,80,"USB Flash Drive MP3 — 80s String Music, Classic Songs of Memories"
usb-flash-drie-mp3-songs-for-life-carabao-3.webp,carabao,USB Flash Drive MP3 — Songs for Life by Carabao
usb-flash-drie-mp3-songs-for-life-carabao.webp,carabao,USB Flash Drive MP3 — Songs for Life by Carabao
usb-flash-drive-mp3-90s-greatest-hits (2).avif,90s,USB Flash Drive MP3 — 90s Greatest Hits
usb-flash-drive-mp3-90s-greatest-hits (2).webp,90s,USB Flash Drive MP3 — 90s Greatest Hits
usb-flash-drive-mp3-90s-greatest-hits (3).avif,90s,USB Flash Drive MP3 — 90s Greatest Hits
usb-flash-drive-mp3-90s-greatest-hits (3).webp,90s,USB Flash Drive MP3 — 90s Greatest Hits
usb-flash-drive-mp3-90s-greatest-hits (4).avif,90s,USB Flash Drive MP3 — 90s Greatest Hits
usb-flash-drive-mp3-90s-greatest-hits (4).webp,90s,USB Flash Drive MP3 — 90s Greatest Hits
usb-flash-drive-mp3-90s-greatest-hits - Copy.webp,90s,USB Flash Drive MP3 — 90s Greatest Hits
usb-flash-drive-mp3-90s-greatest-hits.avif,90s,USB Flash Drive MP3 — 90s Greatest Hits
usb-flash-drive-mp3-90s-greatest-hits.webp,90s,USB Flash Drive MP3 — 90s Greatest Hits
usb-flash-drive-mp3-includes-80's-era-string-music-classic-songs-of-memories.webp,80,"USB Flash Drive MP3 — 80s String Music, Classic Songs of Memories"
usb-mp3-3cha-peuachiwit-cover.webp,3cha,USB Flash Drive MP3 — 3-Cha Peua Chiwit (Songs for Life Cover)
usb-mp3-southern-memories-original.webp,southern_memories,USB Flash Drive MP3 — Southern Memories (Original)
